source_sha	old_path	new_path	sql_sha256
37f71ae67c6e95a5f559edded7619fefef94c193	migrations/20260927175719_load_01.sql	migrations/20260927180302_load_01.sql	395bb0f1bcbf25193c467234d746a848d0d97d94978d3ddfb9c8c130c2e9691a
37f71ae67c6e95a5f559edded7619fefef94c193	migrations_aux/20260927175719_load_01.sql	migrations_aux/20260927180305_load_01.sql	8476133f1042406bffb5422527be879bdc345c9a7e1a4c62d729ab7212d1b82f
b02cec6ee280e8401fb1281c38d76e991be3e928	migrations/20260927175727_load_02.sql	migrations/20260927180309_load_02.sql	7311c11af92afb22ecb6f5d4a44e7ef0d22daa9a064d4c4513301abe8c61813a
b02cec6ee280e8401fb1281c38d76e991be3e928	migrations_aux/20260927175727_load_02.sql	migrations_aux/20260927180310_load_02.sql	bfb218918cc314f13f1f44a62062417fa931b0f1639f2368f9afa51ae32ee4e5
68eb829c80ad08543c96bf02608da452b80306f0	migrations/20260927175735_load_03.sql	migrations/20260927180312_load_03.sql	87382e20c46019eaee1497805e5a6f622a2bfec1f052f1377eb2bdfbced856da
68eb829c80ad08543c96bf02608da452b80306f0	migrations_aux/20260927175735_load_03.sql	migrations_aux/20260927180313_load_03.sql	2900c074dfd84d8f56cc7958cb6ebf2bc5e54387ec937a818c10eed613e6e6da
85bfa3c58a3567a4fdf71f34b81eb57575398d10	migrations/20260927175743_load_04.sql	migrations/20260927180325_load_04.sql	098a5d23ebdf25a7bbf37645ab6ad9bac47314c4d053b6861bb611c4249afda6
85bfa3c58a3567a4fdf71f34b81eb57575398d10	migrations_aux/20260927175744_load_04.sql	migrations_aux/20260927180325_load_04.sql	c342daf8e96844836013b7a11376e058f1492712f23ff64e56a25dee4cbf05e5
b5a62ab9b0edb973a67ec93c6aa0a69dcd6ffe9e	migrations/20260927175752_load_05.sql	migrations/20260927180329_load_05.sql	8bc43283921e832d168f4bcb71d67d2755a011bb275e5a84379d531b7894906e
b5a62ab9b0edb973a67ec93c6aa0a69dcd6ffe9e	migrations_aux/20260927175753_load_05.sql	migrations_aux/20260927180330_load_05.sql	7da9f93a52abef0cc82bee8a443fb724be585d901a2dd4f337768b4edda41ae4
a747f8113aca8f8678efb7ae854c274257c7fb42	migrations/20260927175804_load_06.sql	migrations/20260927180332_load_06.sql	699f0cfb04dd39133fb35ebf754af394662b689cecca5601a7f741716c370fd3
a747f8113aca8f8678efb7ae854c274257c7fb42	migrations_aux/20260927175804_load_06.sql	migrations_aux/20260927180334_load_06.sql	5b357a0645952ca4f9c605ec4a33e1c03e9c37ca7533ddf8c36146b7be1d0adc
f9290ab4c027960e98fefd44b8d9f95da35f2974	migrations/20260927175814_load_07.sql	migrations/20260927180337_load_07.sql	a07f7b38dc22673ebb292bd9b46e81b82bad25ef21760e0d129acbf2b9ca1d0c
f9290ab4c027960e98fefd44b8d9f95da35f2974	migrations_aux/20260927175814_load_07.sql	migrations_aux/20260927180338_load_07.sql	7f28ccfe18b6b4dadee11f5c12c0841fb6065bfb2ff5ead23040188d8e86e4c2
68d9b67e9214ff0b886e46b2aab004fc6ad98d37	migrations/20260927175823_load_08.sql	migrations/20260927180340_load_08.sql	10cb9f2ea21ce4ce8e695c8d0a65a5fa19ddd017485cfd72138b492feff8b579
68d9b67e9214ff0b886e46b2aab004fc6ad98d37	migrations_aux/20260927175824_load_08.sql	migrations_aux/20260927180341_load_08.sql	a2d5b6a417dfff013f9a586410a3d4c0fe149050a0f62e99d82244993bd686be
4a6bb788b90c51cf418b9df5b180dde3a1a2e4d4	migrations/20260927175833_load_09.sql	migrations/20260927180342_load_09.sql	cafa99b3535bf1147b6009d00f7412a07e4ba49714eb77ccdf57e7d34a22abd3
4a6bb788b90c51cf418b9df5b180dde3a1a2e4d4	migrations_aux/20260927175833_load_09.sql	migrations_aux/20260927180342_load_09.sql	0fbfb607860967dc4cf137fbad57647704432d565aa210ded46f598dde6bd450
1a84ba3e8407db062f27cef80f8bb1a7e7841b26	migrations/20260927175843_load_10.sql	migrations/20260927180343_load_10.sql	66e2539e420b0e38ee228daa663634034911e0df57164fb7c9e0775743b49b7a
1a84ba3e8407db062f27cef80f8bb1a7e7841b26	migrations_aux/20260927175843_load_10.sql	migrations_aux/20260927180344_load_10.sql	9968788da84bcee349fdcb0d6e35e4b9a43a6c0fe732b35234a587036ccc705a
b33da965cc50ddd840d8d7a28512e3df55f01540	migrations/20260927175851_load_11.sql	migrations/20260927180345_load_11.sql	8b3a473ce64f9dde0fbd4c5f67094a74edfef9b878a5b039e5496b7912f19260
b33da965cc50ddd840d8d7a28512e3df55f01540	migrations_aux/20260927175852_load_11.sql	migrations_aux/20260927180345_load_11.sql	f6fd5c59b5a989c00c39c69e0c4fbdec56677a6163e838d299393df87b8172c3
a506e26a784f946d43d270f0ce256f93d260c5ea	migrations/20260927175901_load_12.sql	migrations/20260927180346_load_12.sql	ea4aa27899522587fc6316f4ba5ef6497fa3e2f9c91ff689d653a74c32e0c602
a506e26a784f946d43d270f0ce256f93d260c5ea	migrations_aux/20260927175901_load_12.sql	migrations_aux/20260927180346_load_12.sql	57228b39e9ce31c71a46bd852755f3f0819b1409ecdd13b9d172dc2c10e25663
659d65e7d154349236ea206222a6c22bc92ffa7e	migrations/20260927175910_load_13.sql	migrations/20260927180347_load_13.sql	5e4fd9a07801ea91a53eccd4bc14b23777f32a351df79cf864d80a580efd592c
659d65e7d154349236ea206222a6c22bc92ffa7e	migrations_aux/20260927175911_load_13.sql	migrations_aux/20260927180348_load_13.sql	834731a3b1601ccb96d1573be4f115ce2b3fa490ebbd38f31aecdafaf1f3ef70
9ac96ebcbf187de0b9fc131415a56b52efadd3f3	migrations/20260927175922_load_14.sql	migrations/20260927180351_load_14.sql	921de53545c55fe9411f8d42b7a8ec7428ab2c744dfb7fcde5e758e8959823ab
9ac96ebcbf187de0b9fc131415a56b52efadd3f3	migrations_aux/20260927175922_load_14.sql	migrations_aux/20260927180353_load_14.sql	d2f6d2b5c56fa2a74e2230c402028db37329a7a0760aede5b6825cd3cab2c068
fc481ae206c3beb9d50dbc47035941f9e6196212	migrations/20260927175931_load_15.sql	migrations/20260927180356_load_15.sql	bfbae81f4bed149e8514abde7a13786645581baaa2f9c9fac02bf81a24c8ef12
fc481ae206c3beb9d50dbc47035941f9e6196212	migrations_aux/20260927175931_load_15.sql	migrations_aux/20260927180357_load_15.sql	cc67d3bfd3f0460410a2ecec8c535f6fb6d881e56fddd8863f8cd3e040967fc8
f504a220668c792988ce9d221d5eccfe56ad0a75	migrations/20260927175942_load_16.sql	migrations/20260927180402_load_16.sql	a5a8f61b1094f060ed0e55f41557e0d1bb995d5a996837eeeaefbc6fa12958c8
f504a220668c792988ce9d221d5eccfe56ad0a75	migrations_aux/20260927175942_load_16.sql	migrations_aux/20260927180404_load_16.sql	0bfd5b52a8f3ef224fedc5a1e3d6e6701afeb1caa67b3229afc6cee0d1a71094
67a4ebf585dfcfbedff9f65e3d3a56652935c858	migrations/20260927175951_load_17.sql	migrations/20260927180407_load_17.sql	277b83b0e3f77d3193928ff5959b5ca101135d996714dd3675c77e244403ecc3
67a4ebf585dfcfbedff9f65e3d3a56652935c858	migrations_aux/20260927175952_load_17.sql	migrations_aux/20260927180408_load_17.sql	06ef4301a6d9fba2357b3d5bc89ea44177ed156a78ab25e428df7baef9280feb
1bcb333bafdf913c117224e6e563b6bad15f8896	migrations/20260927180000_load_18.sql	migrations/20260927180412_load_18.sql	5b4b37165af0a6da42ac056d58310f5a74fe6c7ec322fc36c03a8b16cc66b9e8
1bcb333bafdf913c117224e6e563b6bad15f8896	migrations_aux/20260927180000_load_18.sql	migrations_aux/20260927180413_load_18.sql	1616fcae1b8c124f1e66545ff0409a76b39f3973b1b1ca662a353d9e03a2f42b
c5f82d2b4adda3989b465b947c40a69fdff72073	migrations/20260927180013_load_19.sql	migrations/20260927180416_load_19.sql	ed071488604d4d7d2bc42019b550e63038b8ca7c199ce1a3c33e93a296058262
c5f82d2b4adda3989b465b947c40a69fdff72073	migrations_aux/20260927180013_load_19.sql	migrations_aux/20260927180417_load_19.sql	e43b2c72d6432338ff8940687df0609490541d57a5ff9dd99dfb824a62cd1a9e
c9ea93f85179ca8035c913d1577186952b62b64c	migrations/20260927180024_load_20.sql	migrations/20260927180420_load_20.sql	c74cb2475229f0527eeb7785b764b83bce885470007b2d5008ed3d745df1c7df
c9ea93f85179ca8035c913d1577186952b62b64c	migrations_aux/20260927180025_load_20.sql	migrations_aux/20260927180421_load_20.sql	3ffbc85acc4fb57b0d5b31f7bdd4db33186b70177be4c0b062114fc83921a10f
aa098c58506e0c5d6a9c07adfd74b26a273c94b0	migrations/20260927180036_load_21.sql	migrations/20260927180424_load_21.sql	da9e3c5abb17448bb19e43308d8cf9a5b636915505b6f518987a51a0f51e4a6c
aa098c58506e0c5d6a9c07adfd74b26a273c94b0	migrations_aux/20260927180037_load_21.sql	migrations_aux/20260927180425_load_21.sql	6e3698679c5805a2de0b9071d6b39758f5cc5a416b915071026ee85885ad8e0e
a23e7f749abfce82ef2dc99bcfc14c2e020cd918	migrations/20260927180048_load_22.sql	migrations/20260927180428_load_22.sql	461334e338d845d9663bdef4ffda437b954c1d031f7628b5abb2ebcade85c611
a23e7f749abfce82ef2dc99bcfc14c2e020cd918	migrations_aux/20260927180049_load_22.sql	migrations_aux/20260927180429_load_22.sql	5c412fa68b5c8d441f229a3edbf2bfbc48ec635e78999ba7f02c231fbc376ffe
6f0e5fa1071541b7732fe580f58b9184dfa2ee85	migrations/20260927180101_load_23.sql	migrations/20260927180432_load_23.sql	9a43c8934f2a883d028c89c246fe4419bd07d6fe9a59d75126c31b4301a2887d
6f0e5fa1071541b7732fe580f58b9184dfa2ee85	migrations_aux/20260927180102_load_23.sql	migrations_aux/20260927180433_load_23.sql	0a92fccaea1b4ce02c4264b74b7461172587d67f5983e338c6ce858339826fc3
e03ff3ed279e806a4938a7552da59783ca377cd9	migrations/20260927180112_load_24.sql	migrations/20260927180437_load_24.sql	34bc3609398c960beb40800b11271244ee03e9bbf90f33f3c679dcbdf00392cc
e03ff3ed279e806a4938a7552da59783ca377cd9	migrations_aux/20260927180113_load_24.sql	migrations_aux/20260927180438_load_24.sql	ca460f74129c7ebe45b47f977124e5d66bdeb15e6b0cfbe2b3595f5b74cc5259
08777f5ab5f22b375a5c681a8b40f4f9d67fba68	migrations/20260927180127_load_25.sql	migrations/20260927180442_load_25.sql	6968ca2f64609ae7ef21abe40012d9b32c7095fa5b507a940f2061c116b47656
08777f5ab5f22b375a5c681a8b40f4f9d67fba68	migrations_aux/20260927180129_load_25.sql	migrations_aux/20260927180443_load_25.sql	dd6ca459e05ba3bf774e52e6ec29d32a320052944fe897088de1c907f489a94a
917dbc0921b28890ae5f9011c15f5eaaa7eccb84	migrations/20260927180141_load_26.sql	migrations/20260927180446_load_26.sql	371ffa1ecd9a678b1600a46c537151c1b63ad152dc2ab833c51f0fc8ed4560f1
917dbc0921b28890ae5f9011c15f5eaaa7eccb84	migrations_aux/20260927180142_load_26.sql	migrations_aux/20260927180447_load_26.sql	acf7f05cdf0f6dae21abd304ba743dfdc427704b4a7bb8ddaf6acbf28a5b3110
efbd2d2c595f78d3c770d03edef13e7f8966a017	migrations/20260927180152_load_27.sql	migrations/20260927180448_load_27.sql	6956f4b4bfd86662619b3113fef542ccf583e986ea2531a426ff1e7683ae810c
efbd2d2c595f78d3c770d03edef13e7f8966a017	migrations_aux/20260927180153_load_27.sql	migrations_aux/20260927180449_load_27.sql	1cdce257a37747a5e4b74397085dffb727123e4cc571ae62f04d0d3ba9204bd1
